match_id,total_score
211028,179
211048,214
222678,133
225263,144
225271,163
226374,209
237242,126
238195,201
249227,221
251487,162
251488,115
255954,126
258463,208
258464,169
287853,205
287854,73
287855,171
287856,138
287857,164
287858,188
287860,260
287861,135
287862,141
287863,164
287864,144
287865,190
287866,123
287867,154
287868,189
287869,164
287870,164
287871,147
287872,153
287873,218
287874,101
287875,140
287876,153
287877,143
287878,188
287879,157
291343,186
291356,74
296903,123
297800,166
298795,129
298804,131
300435,184
300436,193
306987,138
306989,191
306991,92
319112,58
319142,97
343764,203
350050,145
350347,118
350475,166
350476,156
351694,182
351695,157
351696,150
352674,121
354456,99
355988,145
355989,163
355991,162
355992,89
355993,169
355994,180
355995,211
355996,185
355997,137
355998,159
355999,175
356000,128
356001,112
356002,192
356003,198
356004,111
356005,150
356006,153
356007,183
356008,99
356009,144
356010,153
356011,161
356012,159
356013,158
356014,130
356015,149
356016,158
356017,138
361530,67
361531,107
361656,137
361660,132
366622,149
366707,155
366708,191
386494,162
386535,171
387563,202
387564,241
391794,151
392615,108
401076,118
403375,172
403385,141
403386,170
406197,179
406198,138
406207,127
412677,138
412678,135
412680,172
412681,120
412682,186
412683,191
412684,84
412685,191
412686,173
412688,141
412689,147
412690,170
412691,184
412692,195
412693,133
412694,168
412695,169
412696,168
412697,148
412698,149
412699,163
412700,105
412701,128
412702,191
412703,147
412716,119
412717,180
412718,106
423391,97
423782,78
423787,118
423788,214
426392,167
426393,162
426417,126
426418,89
426723,161
426724,153
430884,215
430885,206
439139,105
439146,136
439497,142
439499,138
439505,136
439510,151
440945,129
440946,148
446956,133
446960,157
446961,147
447539,120
452153,111
452154,140
456991,120
456992,81
461565,120
463141,168
463142,194
463149,168
473918,143
473919,185
473920,183
474466,136
474476,165
476947,122
478279,119
489212,150
489220,159
492547,134
514023,146
514024,147
516204,198
516205,157
518954,171
518955,131
520595,159
520596,200
520597,147
520598,173
520599,165
521217,120
523735,198
523736,141
525816,125
525817,113
527012,123
527013,187
527683,110
527688,80
527689,166
527690,108
530432,141
531635,144
531636,150
531637,129
531982,132
533272,182
533273,123
533275,93
533276,191
533278,78
533279,191
533280,177
533281,170
533282,129
533283,175
533284,174
533285,179
533286,133
533287,140
533288,148
533289,129
533290,146
533291,128
533292,139
533293,169
533294,149
533295,152
533296,139
533297,205
533298,137
533299,79
533300,117
533301,133
533302,104
533303,151
533304,50
533305,146
533306,116
533307,70
533308,89
533309,98
533310,144
533311,93
533312,115
533313,142
534208,172
534233,118
534234,77
534235,118
538068,135
540173,150
540174,160
542850,137
542851,114
543883,107
543884,131
543885,107
546410,135
546414,71
546442,159
546462,106
546470,114
546473,135
551593,71
551594,150
551595,103
551596,154
551597,139
556252,219
560921,209
560922,177
562437,132
562438,122
564786,155
565810,157
565811,177
565820,167
565844,87
565845,162
566926,201
566927,2
566937,248
566938,195
567071,190
567205,144
567353,86
567354,165
567355,179
567367,195
569237,214
569238,192
569239,139
571148,89
571149,151
571150,168
573019,137
573020,161
573027,191
573672,128
582186,74
584772,100
584923,62
584924,93
584928,82
584929,81
587476,197
588498,113
588499,94
589306,133
589307,192
592268,126
592269,139
592276,113
593726,146
593727,127
593728,91
593986,130
593987,158
602477,198
603243,73
603244,145
603246,122
623571,168
623572,168
627008,145
627009,116
630951,172
635658,115
635659,145
635660,163
636164,213
636165,130
636166,195
636536,170
636537,152
636538,165
640947,65
640955,112
644941,148
645645,152
645647,135
647247,201
648681,80
648683,128
649101,98
649103,150
657633,145
657635,211
659545,161
659547,179
660113,168
660149,183
660173,165
660185,130
660209,146
660223,147
661695,189
661697,159
664293,84
664295,109
666047,98
666049,101
667731,180
667887,183
668515,119
668517,138
668519,109
668959,204
668969,142
682899,149
682901,163
682903,151
682907,126
682909,140
682911,123
682915,108
682917,116
682919,189
682921,130
682923,165
682925,172
682927,191
682929,129
682931,170
682933,39
682935,171
682937,145
682939,189
682941,178
682943,138
682945,151
682947,196
682949,190
682951,159
682953,133
682955,119
682957,153
682959,166
682961,160
682963,172
682965,130
682967,128
682971,133
682973,128
682975,171
682979,115
682981,95
682985,167
682989,84
682991,165
682993,185
682995,151
682997,85
682999,119
683001,114
683003,115
683005,117
683007,131
683009,106
683011,140
683013,101
683015,105
685727,153
685729,176
690351,168
690353,120
693433,89
693435,141
693437,126
698983,64
698985,97
698987,119
698995,68
702141,116
702143,96
718465,122
718467,106
722335,165
722337,231
727917,96
730283,132
730285,165
730293,31
736063,195
742617,135
743953,191
743975,182
754039,144
754717,144
754719,101
754721,145
754793,92
754795,149
754797,84
754799,139
754801,113
754805,149
757511,101
757513,76
757515,132
798377,122
798379,107
798381,111
798615,140
798619,131
798621,186
800479,134
800481,171
802327,72
808869,124
808871,110
817203,148
817205,169
828247,101
828249,83
828251,106
848839,151
848841,177
856117,109
856119,124
856121,74
858491,141
860279,175
860281,172
868723,172
868725,175
875457,109
875471,191
875481,119
875491,53
875501,123
875507,109
875513,93
875521,129
875549,116
875553,128
881755,105
883343,172
883345,149
884347,157
884349,204
884351,178
885969,178
885971,145
889463,166
892043,74
894293,198
895789,125
895791,136
895817,188
895819,184
895821,197
902649,160
902651,172
902653,154
903587,199
903589,92
907381,147
907385,131
907395,125
907399,119
913633,140
913663,135
914217,182
914219,142
914221,171
914223,168
914225,196
915783,215
915785,162
919603,136
919605,136
923321,124
923323,114
930573,133
930575,106
930577,131
930579,149
931396,131
931398,135
936153,126
936155,113
936157,169
946551,187
946553,138
946555,170
951305,158
951309,153
951311,154
951313,147
951319,94
951323,127
951325,59
951327,180
951329,126
951331,182
951333,201
951337,142
951339,229
951341,118
951345,122
951347,156
951349,180
951353,146
951355,193
951357,122
951359,145
951361,171
951363,160
951367,120
951369,153
951371,192
951373,155
951375,163
951377,110
951379,103
951381,153
951383,177
951385,102
951387,96
951389,148
951391,129
951393,103
951395,90
951397,156
951399,108
951401,123
951403,113
951405,91
951407,99
951409,114
951411,148
951413,114
951415,132
951417,143
951419,148
953103,66
953105,161
954735,96
954737,116
954741,134
954743,133
958415,163
958417,167
958419,187
958421,180
962023,54
963697,101
963699,196
963701,82
966373,148
966735,180
966739,146
966743,172
966745,166
966747,129
966749,133
966751,83
966753,147
966755,129
966757,138
966759,129
966761,81
966763,150
966765,120
967081,157
995467,263
995469,128
1001349,168
1001351,173
1001353,187
1004729,169
1007655,170
1007657,99
1007659,138
1019979,141
1019981,195
1019983,194
1020029,185
1031431,142
1031433,174
1031435,181
1031665,176
1034825,147
1034827,144
1034829,202
1041615,245
1041617,143
1043989,151
1043991,101
1043993,113
1044211,59
1050217,115
1050219,160
1050221,103
1050615,118
1065348,121
1072316,117
1072317,155
1072318,137
1072319,196
1072320,243
1072321,194
1072322,150
1074957,189
1074959,146
1074961,87
1074964,148
1074965,160
1074966,183
1074968,133
1074970,211
1075507,195
1075508,224
1077947,111
1077948,132
1083449,155
1083450,176
1085495,137
1085496,124
1086067,132
1086068,152
1086069,178
1089202,102
1089203,180
1089243,128
1098211,190
1109610,170
1115798,187
1115799,102
1115800,243
1115807,105
1115808,201
1115809,181
1117821,197
1117822,174
1117824,183
1119501,118
1119502,118
1119542,221
1119543,159
1119544,148
1119545,198
1120093,202
1120094,196
1120095,67
1120291,102
1120292,124
1120293,180
1122285,203
1122286,188
1122287,172
1122729,180
1122730,260
1122731,135
1122902,154
1122908,150
1122909,126
1122910,89
1123206,164
1123207,142
1123208,133
1123209,130
1123210,166
1126720,216
1126721,250
1126722,160
1126723,172
1126724,148
1126725,129
1126726,137
1127300,204
1127301,166
1130746,193
1130747,210
1131235,152
1131236,149
1131237,198
1131238,186
1131239,96
1131240,107
1131241,209
1133817,174
1133818,139
1133819,214
1133820,152
1133821,176
1133822,159
1133823,166
1138194,167
1138195,185
1138196,134
1138198,139
1138202,124
1138203,72
1140069,203
1140070,205
1140071,153
1140384,187
1140992,208
1140993,213
1141232,199
1141835,174
1142501,144
1142502,158
1142503,205
1142504,185
1142505,160
1142506,221
1142589,98
1142913,182
1142914,116
1142915,229
1142916,162
1142917,194
1142918,151
1142919,183
1144149,160
1144150,132
1144161,192
1144162,188
1144163,168
1144172,134
1144173,180
1144174,198
1144441,169
1144442,64
1144978,162
1144979,145
1144980,103
1144989,108
1144990,158
1144991,132
1144992,164
1145890,136
1145894,134
1145895,124
1145896,151
1146723,143
1146724,171
1146725,184
1147717,92
1147718,43
1147719,137
1147720,84
1147722,98
1147723,42
1147724,83
1147725,97
1147726,78
1147727,39
1147728,129
1147729,113
1147730,118
1147731,125
1147732,50
1147733,146
1147734,101
1147735,113
1147736,122
1148048,169
1148050,67
1148051,95
1148052,132
1148053,136
1148054,136
1148055,36
1148056,141
1148057,60
1148058,177
1148059,107
1148060,72
1148061,104
1148062,130
1148063,112
1150533,194
1150534,165
1150535,106
1150537,133
1150538,93
1150539,76
1150540,99
1150541,139
1150542,153
1150543,97
1150544,107
1150545,145
1150546,144
1150547,85
1150548,187
1150549,167
1150550,79
1150551,115
1150552,109
1150553,142
1150554,112
1150555,105
1152840,173
1153317,129
1153318,211
1153319,190
1153696,219
1153697,158
1153698,212
1153843,179
1153858,159
1153859,135
1153860,161
1156216,101
1156218,135
1156219,155
1157372,155
1157373,147
1157374,150
1157375,148
1157376,153
1157377,166
1157710,49
1157711,131
1157712,134
1157713,156
1157759,109
1157760,195
1157761,181
1158071,160
1158072,182
1158073,71
1158344,164
1158345,53
1158348,83
1158349,157
1158350,80
1158352,116
1158353,25
1158354,210
1158355,148
1158356,157
1158358,93
1158359,49
1158361,80
1161231,195
1161232,101
1161233,97
1162727,117
1168020,180
1168026,226
1168027,121
1168028,139
1168160,90
1168162,163
1168247,126
1168248,190
1168521,132
1168522,171
1170457,153
1170458,107
1170459,104
1172163,160
1172164,111
1172165,119
1172469,160
1172470,132
1172471,150
1172505,153
1172506,159
1172507,166
1172508,180
1172509,182
1172510,111
1172910,32
1172911,139
1172912,106
1172913,126
1172914,86
1172915,145
1172916,125
1172917,124
1172918,59
1172919,41
1172920,105
1172921,63
1172922,95
1172923,38
1172924,62
1172925,114
1172926,77
1172927,25
1172929,116
1172930,107
1173048,132
1173049,78
1173050,127
1173051,123
1173052,122
1173053,142
1173054,176
1173055,124
1173056,133
1173057,189
1173058,195
1173059,158
1173060,91
1173061,113
1173062,136
1173063,143
1173064,91
1173065,155
1173066,150
1173069,134
1173070,184
1176435,94
1176436,108
1176437,204
1176792,216
1176793,124
1176794,156
1176795,205
1176796,46
1176797,56
1177018,119
1177019,128
1177020,138
1177021,172
1177022,125
1177484,152
1177485,182
1178996,130
1179016,50
1179017,162
1179018,163
1179610,161
1179611,58
1182642,198
1182644,143
1182646,93
1182648,115
1182649,143
1182650,137
1182652,100
1182653,74
1182654,145
1182656,35
1182657,114
1182658,114
1182904,144
1182905,101
1182906,69
1182909,23
1182912,58
1182913,118
1182914,37
1182916,69
1182917,94
1182918,82
1183510,217
1183511,84
1183512,226
1183524,233
1183525,117
1183526,142
1183527,107
1183528,150
1183529,106
1183543,147
1183544,156
1183545,103
1183546,123
1183547,173
1183548,132
1183549,155
1183856,113
1183857,116
1184258,91
1184260,142
1184261,141
1184262,167
1184263,119
1184266,113
1184900,135
1184901,46
1184902,145
1185154,139
1185155,157
1185156,188
1185181,117
1185182,141
1185184,131
1185185,121
1185186,160
1185187,100
1185188,99
1185190,134
1185191,95
1185192,149
1185193,109
1185313,177
1185314,204
1185315,222
1185316,196
1185317,158
1185318,193
1186488,113
1186490,130
1186491,127
1186492,123
1186493,153
1187005,149
1187006,134
1187013,148
1187014,153
1187015,174
1187018,207
1187019,170
1187020,240
1187665,153
1187666,176
1187667,180
1187668,241
1187669,146
1187677,203
1187678,132
1187679,179
1187680,165
1187681,163
1187717,116
1187718,119
1187719,153
1187720,171
1188379,199
1188380,152
1188621,95
1188622,167
1188623,146
1188784,91
1188785,6
1188786,113
1189743,118
1189744,158
1190605,123
1190606,196
1190607,96
1190608,168
1190744,169
1190746,86
1190747,54
1190749,105
1190750,123
1190751,213
1190752,87
1190753,148
1190754,126
1190755,133
1190767,186
1190768,162
1190769,122
1190771,83
1190772,197
1190773,92
1190774,141
1190775,144
1190776,191
1191006,136
1191008,150
1192223,128
1192224,173
1192875,174
1192876,161
1192877,125
1196033,110
1197047,103
1197049,60
1197051,99
1197052,101
1197053,120
1197054,46
1197055,92
1197056,91
1197057,104
1197058,133
1197059,85
1197061,67
1197062,67
1197063,85
1197064,84
1197065,130
1197066,167
1197140,144
1197143,175
1197246,97
1197247,84
1197248,91
1197249,132
1197253,104
1197396,141
1197397,196
1197398,82
1197399,68
1197400,116
1197401,144
1197402,91
1197403,141
1197404,66
1197406,173
1197407,114
1197507,193
1197508,240
1197509,174
1197510,85
1197521,167
1197522,173
1197523,125
1197524,133
1197525,208
1197526,145
1197527,94
1197528,185
1197529,64
1198217,126
1198218,91
1198219,140
1198235,162
1198236,157
1198237,145
1198244,131
1198245,195
1198246,190
1198475,106
1198476,97
1198477,81
1198478,130
1198481,140
1198482,175
1198489,165
1198490,182
1198491,147
1199499,168
1199500,153
1199501,166
1199502,108
1199503,89
1199504,184
1199505,140
1199506,170
1199507,125
1199508,197
1199509,176
1199510,149
1199511,102
1199512,146
1199513,116
1199514,183
1199515,138
1199516,159
1199517,159
1199518,101
1199519,147
1199520,106
1199521,71
1199522,157
1199523,156
1199524,144
1199525,126
1199526,111
1199527,150
1199528,204
1199529,180
1199530,105
1199531,181
1199532,144
1199533,66
1199534,206
1199535,191
1199536,118
1199537,81
1199538,141
1199539,130
1199540,154
1199541,80
1199542,161
1199543,198
1199544,134
1199545,167
1199546,158
1199547,130
1199548,135
1199549,128
1200425,252
1200426,193
1200427,181
1200428,123
1201668,87
1201669,113
1201670,98
1201671,143
1201673,95
1201680,132
1201681,151
1201682,181
1201683,160
1201685,167
1202007,151
1202008,188
1202009,134
1202010,144
1202011,206
1202243,142
1202244,201
1202252,185
1202253,103
1202254,59
1202255,50
1202256,134
1202366,98
1203676,208
1203677,147
1203678,138
1204726,126
1207081,139
1207082,180
1208347,154
1208348,185
1208349,170
1208606,236
1208609,163
1208612,117
1208613,94
1208804,16
1208806,50
1208808,255
1208810,8
1213058,141
1213059,136
1213874,196
1213875,155
1214670,200
1214671,119
1214763,172
1214764,99
1214765,124
1214766,128
1215136,123
1215137,138
1215138,152
1215139,167
1215140,171
1215159,129
1215160,150
1215161,106
1215162,108
1215163,210
1215164,122
1215165,199
1217738,139
1217740,154
1217741,85
1217742,239
1217743,77
1217744,66
1217745,168
1217747,132
1223941,138
1223942,128
1223943,123
1223952,161
1223953,194
1223954,186
1229204,165
1229205,191
1229206,54
1229207,198
1229208,129
1229820,165
1229822,161
1229823,184
1229824,100
1230855,163
1230856,151
1230857,154
1230858,166
1230859,41
1233464,156
1233465,134
1233466,129
1233954,180
1233955,238
1233956,25
1233959,153
1233960,163
1233961,173
1233971,184
1233972,219
1233973,208
1233974,156
1233975,142
1233979,210
1233980,173
1233981,141
1235829,128
1235830,148
1235832,60
1237122,179
1237123,146
1237124,191
1239540,232
1239541,200
1239542,154
1243019,169
1243020,144
1243021,164
1243388,124
1243389,164
1243390,156
1243391,185
1243392,224
1244846,124
1244847,133
1244848,127
1249206,129
1249207,111
1249208,180
1249235,96
1249236,123
1249237,128
1249238,130
1249239,129
1249240,14
1251575,188
1251576,140
1251577,203
1251578,144
1251953,165
1251954,159
1251955,189
1252066,131
1252067,160
1252068,131
1253272,130
1253273,158
1253274,112
1256720,103
1256721,171
1256722,224
1256723,193
1256724,179
1257183,149
1257184,118
1257185,165
1257404,134
1257405,134
1257406,189
1257945,136
1257946,191
1257947,109
1257948,206
1257949,107
1257950,217
1257951,238
1260097,177
1260098,148
1260099,153
1260100,184
1260101,127
1260102,144
1262758,164
1262759,132
1262760,81
1262917,137
1262918,87
1262919,134
1262920,99
1263151,160
1263152,166
1263153,167
1263154,167
1263155,168
1263156,145
1263157,196
1263158,141
1263159,189
1263160,199
1263164,85
1263165,157
1263166,15
1263167,30
1263471,149
1263472,164
1263473,121
1263474,139
1263475,154
1263572,169
1263573,25
1263621,131
1263622,118
1263623,149
1263708,126
1263710,162
1263711,161
1263712,179
1263713,156
1265214,52
1265215,68
1265216,101
1265218,155
1265220,108
1265221,129
1265222,106
1265223,156
1265224,117
1265225,112
1265226,69
1267304,157
1267306,144
1267307,157
1267308,191
1267310,115
1267311,140
1267322,136
1267323,125
1267324,102
1267680,152
1267681,166
1267682,193
1268188,99
1268189,50
1268190,114
1268191,128
1268192,172
1268747,65
1268748,55
1268749,132
1268757,160
1268759,109
1268760,101
1270834,131
1270835,121
1270836,127
1270837,104
1270838,122
1271445,76
1271446,112
1271447,94
1271448,164
1271449,131
1271450,185
1271451,127
1271630,163
1271631,103
1271632,120
1272093,60
1272094,141
1272095,128
1272096,93
1272097,161
1272373,117
1272374,152
1272375,178
1272376,174
1272377,124
1272900,104
1272901,154
1272902,134
1273133,135
1273134,122
1273136,148
1273138,197
1273139,218
1273141,164
1273143,136
1273144,166
1273145,147
1273146,135
1273147,141
1273148,141
1273149,145
1273271,141
1273272,136
1273273,177
1273415,135
1273416,165
1273417,80
1273712,129
1273713,140
1273714,106
1273715,96
1273716,165
1273717,153
1273718,164
1273719,171
1273720,181
1273721,122
1273722,125
1273723,44
1273724,118
1273725,55
1273726,171
1273727,151
1273729,143
1273730,134
1273731,124
1273732,109
1273733,154
1273734,142
1273736,142
1273737,125
1273739,110
1273740,163
1273741,84
1273742,189
1273743,172
1273745,73
1273746,189
1273747,163
1273748,85
1273749,157
1273750,189
1273752,189
1273753,132
1273754,166
1273755,176
1273756,172
1274595,98
1274596,196
1274597,33
1274600,45
1274601,89
1274602,71
1274604,24
1274606,24
1274608,36
1274609,111
1275039,107
1275040,152
1275042,162
1275043,123
1275044,151
1275045,133
1275047,172
1275051,120
1275052,128
1275053,115
1275054,119
1275074,52
1275104,17
1275106,224
1275107,102
1275108,103
1275110,151
1275111,125
1275112,17
1275113,76
1275114,228
1275115,104
1275116,204
1275118,104
1275122,279
1275125,86
1275126,138
1275127,142
1275128,82
1275129,108
1275131,79
1275132,133
1275268,211
1275269,187
1275270,165
1275271,112
1275272,195
1275274,179
1275275,202
1275276,170
1275277,156
1276904,198
1276905,170
1276906,215
1276913,234
1276914,207
1276915,191
1277974,127
1277975,108
1277976,124
1278671,164
1278672,153
1278673,184
1278679,157
1278680,186
1278681,184
1278684,199
1278685,183
1278686,146
1278687,211
1278688,148
1278689,179
1278690,169
1278691,28
1279379,102
1279380,130
1279381,92
1279382,118
1279383,149
1279385,160
1279386,71
1280058,137
1280059,174
1280060,123
1280061,163
1280062,134
1280063,154
1282272,213
1282273,133
1282275,81
1282276,150
1282278,177
1282279,176
1282738,137
1282739,100
1282740,110
1282741,139
1282742,94
1282743,103
1282744,141
1282745,85
1282746,100
1282747,119
1282748,117
1282749,130
1282929,12
1282930,70
1282935,85
1283021,153
1283023,95
1283024,98
1283025,131
1283026,97
1283028,169
1283029,95
1283030,26
1283032,72
1283033,142
1283034,74
1283035,128
1283036,102
1283037,176
1283038,77
1283040,139
1283041,164
1283042,157
1283043,242
1283044,209
1283045,99
1283046,51
1283047,96
1283048,152
1283049,240
1283050,89
1283051,143
1283089,99
1283091,124
1283092,84
1283093,90
1283094,134
1284489,98
1284490,124
1284491,154
1284493,88
1284495,103
1284496,179
1284497,126
1286667,64
1286670,234
1286671,121
1286672,143
1286673,172
1286674,142
1286675,171
1286677,239
1286681,90
1286682,90
1286683,85
1286684,139
1286685,109
1286686,245
1286968,131
1286970,114
1286971,128
1286972,161
1286973,61
1286974,101
1286975,27
1286976,149
1286978,109
1286979,76
1286980,127
1286981,87
1286982,155
1287773,200
1287774,172
1287775,207
1288316,162
1289031,155
1289042,114
1289043,161
1289044,147
1289045,187
1289046,140
1289047,130
1289048,101
1289049,112
1289050,68
1289051,168
1289052,123
1289053,136
1289259,154
1289260,144
1289261,167
1289262,106
1289263,99
1289264,64
1289265,167
1289266,147
1289267,160
1289268,162
1289269,46
1289270,71
1289271,164
1289272,144
1289273,110
1289274,161
1289284,146
1289285,129
1289286,164
1291187,188
1291188,150
1296027,49
1296028,182
1296029,125
1296030,148
1296031,87
1296032,70
1296033,175
1296034,77
1296035,88
1296036,136
1298135,163
1298136,111
1298137,160
1298138,174
1298139,121
1298140,152
1298141,176
1298142,153
1298143,162
1298144,148
1298145,146
1298146,132
1298147,200
1298149,128
1298150,159
1298151,144
1298152,79
1298153,157
1298154,157
1298156,205
1298157,179
1298158,130
1298161,167
1298162,150
1298163,91
1298164,133
1298165,179
1298167,179
1298168,117
1298169,184
1298170,185
1298171,185
1298173,141
1298174,158
1298175,127
1298176,186
1298177,152
1298178,168
1298179,137
1299566,117
1299567,216
1299568,157
1299569,106
1299570,155
1299571,218
1299572,191
1299573,158
1299574,107
1299575,172
1299576,80
1299577,36
1299578,131
1299579,191
1299580,175
1299581,165
1299582,131
1299583,109
1299584,87
1299585,159
1299592,178
1299593,135
1299594,137
1299595,164
1299596,127
1299638,192
1301331,111
1301332,148
1301333,176
1301334,132
1301335,142
1301336,122
1303307,108
1303308,225
1303312,173
1303313,179
1303314,174
1303315,211
1303316,182
1305498,183
1305499,180
1305500,114
1305501,203
1305502,196
1305503,223
1305504,168
1306384,75
1306385,31
1306386,124
1306387,234
1306388,158
1306389,318
1306390,73
1306391,204
1306392,128
1306393,25
1306394,282
1306395,125
1306396,97
1306397,253
1307293,128
1307294,124
1307295,176
1307477,225
1307478,254
1308236,135
1308237,118
1308238,167
1309701,127
1309702,177
1309703,185
1310161,137
1310162,129
1310163,120
1310164,78
1310165,107
1310166,125
1310167,137
1310168,171
1310169,164
1310170,132
1310171,206
1310172,137
1310173,165
1310174,184
1310175,158
1310176,164
1310177,258
1310178,158
1310179,213
1310180,193
1310181,131
1310182,169
1310183,141
1310184,204
1310185,170
1310186,221
1310187,171
1310188,178
1310887,100
1310888,130
1310889,90
1310890,127
1310891,41
1310892,68
1310893,86
1310894,156
1310895,93
1310896,70
1310901,148
1310902,147
1310938,153
1310939,122
1310940,128
1310941,157
1310942,127
1310981,106
1310982,102
1310983,107
1311744,118
1311745,131
1311746,121
1311747,62
1314897,102
1314898,101
1314899,99
1314900,97
1314901,123
1316642,143
1316643,106
1316644,104
1317136,225
1317137,194
1317138,185
1317139,242
1317149,105
1317150,193
1317151,163
1317482,145
1317483,178
1317486,208
1317487,178
1317488,112
1317635,56
1317636,99
1317637,92
1317638,182
1317639,94
1317903,190
1317904,138
1317905,164
1317906,191
1317907,188
1317908,185
1317909,215
1317910,145
1318357,135
1318358,93
1318359,141
1318360,124
1318361,133
1318362,151
1318373,68
1318375,53
1318376,96
1318377,119
1318378,124
1318379,78
1318380,117
1318381,106
1318382,113
1318383,88
1318393,91
1318394,213
1318395,63
1318396,184
1318404,114
1319709,138
1319710,125
1319711,138
1320190,171
1320191,94
1320192,26
1320193,40
1320194,29
1320195,102
1320196,69
1320197,107
1320198,79
1320199,48
1320200,134
1320201,14
1320202,109
1320203,46
1320204,112
1320205,109
1320206,135
1320207,90
1320208,214
1320209,126
1320210,81
1320211,86
1320212,100
1320969,139
1320973,154
1320974,256
1320975,114
1320976,120
1320977,77
1320978,134
1320979,136
1320980,161
1320982,113
1320984,154
1320985,166
1320986,145
1320987,190
1320988,110
1320997,136
1321258,120
1321259,115
1321260,147
1321261,154
1321262,69
1321263,165
1321264,141
1321265,169
1321266,67
1321267,104
1321268,120
1321269,133
1321270,183
1321271,183
1321272,210
1321273,150
1321274,125
1321275,85
1321276,171
1321277,90
1321278,159
1321279,104
1321280,101
1321281,139
1321282,101
1321283,130
1321284,153
1321286,214
1321287,157
1321288,131
1321289,139
1321290,173
1321291,140
1321292,158
1321293,174
1321294,164
1321295,135
1321296,55
1321298,183
1321299,129
1321301,117
1321302,153
1321303,115
1321304,77
1321305,119
1321306,112
1321307,182
1321308,115
1321309,209
1321310,146
1321311,137
1321312,177
1321313,122
1321335,99
1321336,130
1321337,97
1321465,236
1321466,154
1321467,163
1321468,87
1321469,146
1321470,201
1321471,116
1321472,160
1321473,187
1321474,185
1321475,185
1321477,110
1321478,146
1321479,199
1321480,138
1321481,102
1321482,140
1321483,97
1321484,132
1321998,213
1322001,30
1322002,110
1322003,49
1322004,57
1322005,110
1322006,73
1322007,97
1322009,135
1322010,82
1322011,168
1322012,203
1322018,78
1322019,145
1322020,156
1322176,83
1322276,191
1322277,160
1322334,167
1322335,147
1322336,137
1322337,130
1322338,208
1322339,173
1322340,163
1322362,196
1322363,141
1322364,182
1323295,205
1323296,135
1323297,156
1323550,152
1323551,154
1323552,206
1327228,158
1327229,199
1327230,221
1327231,166
1327232,145
1327233,169
1327234,209
1327270,147
1327272,192
1327273,183
1327274,193
1327276,181
1327277,173
1327280,121
1327281,170
1327503,208
1327504,90
1327505,186
1327506,106
1327507,237
1327508,227
1328470,209
1328471,153
1328473,186
1328474,130
1328476,156
1328477,101
1328478,175
1328849,148
1328850,173
1328851,160
1328852,151
1328853,104
1328854,147
1329247,152
1329250,104
1330807,133
1330808,126
1331384,92
1331385,143
1331386,83
1331387,130
1331388,86
1331389,77
1331390,148
1331391,91
1331392,158
1331394,164
1331395,120
1331396,137
1331397,172
1331398,113
1331399,76
1331400,118
1331401,120
1331402,117
1331403,168
1332496,103
1332497,155
1332498,154
1332501,133
1332503,162
1332504,185
1332505,170
1332506,48
1332507,146
1332508,105
1332509,146
1332510,174
1333920,142
1333921,122
1333922,127
1333923,142
1333924,157
1333925,167
1333926,120
1333927,147
1333928,147
1333929,160
1333931,179
1333932,79
1334415,115
1334416,107
1334417,93
1334418,111
1334419,101
1335785,82
1335786,150
1335787,57
1335788,109
1335789,70
1335790,181
1335791,156
1335792,178
1335793,88
1335794,116
1335795,129
1335796,108
1335797,137
1335798,105
1335799,159
1335800,115
1335801,145
1335802,83
1335803,37
1335805,112
1335806,148
1335807,122
1335808,65
1336031,158
1336032,169
1336048,139
1336049,198
1336050,202
1336051,175
1336074,153
1336075,186
1336076,155
1336080,186
1336081,104
1336082,116
1336951,130
1336952,218
1336953,83
1336955,103
1336956,98
1336979,90
1336980,91
1336981,142
1336982,101
1338040,129
1338041,135
1338042,173
1338043,149
1338044,126
1338045,105
1338046,132
1338047,107
1338048,118
1338049,165
1338050,112
1338051,189
1338052,137
1338053,151
1338054,124
1338055,116
1338056,162
1338057,155
1338058,213
1338059,113
1338060,172
1338061,164
1338062,156
1339205,107
1339206,146
1339207,161
1339208,131
1339209,132
1339210,160
1339555,115
1339558,124
1339604,131
1339605,258
1339606,220
1339614,182
1339615,192
1339616,163
1339617,164
1339618,193
1343740,106
1343741,138
1343742,48
1343743,115
1343744,130
1343745,91
1343746,209
1343747,162
1343749,30
1343750,87
1343753,237
1343756,37
1343757,126
1343758,42
1343760,37
1343761,122
1343762,116
1343763,30
1343764,94
1343767,192
1343768,57
1343770,86
1343771,122
1343772,62
1343773,111
1343774,146
1343775,150
1343776,95
1343777,221
1343778,121
1343780,81
1343781,52
1343782,72
1343783,135
1343784,186
1343785,81
1343786,59
1343788,215
1343790,101
1343791,127
1343793,115
1343794,127
1343795,218
1343934,105
1343935,141
1343936,157
1343937,131
1343938,43
1344507,89
1344508,113
1344509,73
1344510,126
1344511,147
1344512,141
1344513,167
1344514,97
1344515,4
1344516,94
1344517,109
1344619,164
1344620,148
1344621,152
1344782,86
1344783,195
1344784,194
1344785,134
1344786,170
1344787,191
1344788,114
1344789,160
1344790,171
1344791,220
1344792,169
1344793,112
1344794,155
1344795,137
1345095,118
1345096,96
1345424,172
1345425,187
1345426,172
1345427,188
1345428,196
1346539,39
1346543,107
1346545,131
1348323,114
1348324,144
1348325,141
1348640,162
1348641,206
1348642,228
1348649,176
1348650,99
1348651,234
1349124,147
1349126,185
1349127,48
1349128,168
1349129,169
1349131,128
1349132,107
1349133,118
1349134,132
1349136,134
1349137,67
1349138,136
1349139,183
1349140,108
1349150,201
1349151,129
1349152,80
1349379,130
1349380,126
1349382,164
1349383,207
1349384,140
1349385,179
1349386,168
1349387,61
1349388,223
1349389,97
1349390,164
1349391,153
1351400,156
1351401,117
1351402,158
1354799,151
1354800,66
1354801,116
1354802,132
1354803,10
1355720,207
1355721,202
1355722,124
1355838,81
1355839,47
1355840,26
1355841,50
1359786,77
1359787,226
1359788,125
1359789,196
1359792,101
1359793,220
1359794,139
1359795,173
1359798,117
1359799,138
1359800,73
1359802,125
1361770,158
1361771,153
1361772,200
1361773,161
1361774,156
1361775,95
1361776,135
1362242,182
1365310,158
1365321,143
1365322,103
1365323,111
1367722,208
1367723,166
1367724,128
1367725,171
1367726,160
1367727,176
1367728,90
1367729,162
1367730,143
1367731,165
1367732,124
1367733,156
1370782,99
1370783,175
1370785,109
1370787,92
1370790,102
1370791,96
1370902,120
1370903,116
1370904,139
1370905,68
1370906,93
1370908,94
1370910,78
1370911,182
1370912,77
1370914,93
1371604,145
1371605,100
1371606,158
1373568,226
1373569,164
1373570,190
1373579,171
1373580,176
1373581,222
1373582,267
1373583,132
1375850,213
1375851,241
1375852,220
1375863,147
1375864,212
1375865,190
1375869,147
1375870,142
1375871,162
1376121,50
1376122,97
1376123,110
1376124,96
1376125,109
1377727,155
1377728,142
1377729,166
1378006,42
1378007,51
1378008,104
1378010,121
1378011,149
1378012,52
1378014,142
1378015,169
1378016,139
1378017,110
1378018,163
1378019,129
1378020,112
1378194,112
1378195,113
1378196,116
1378200,92
1378201,148
1378202,116
1379575,64
1379576,99
1379577,185
1379578,81
1379579,98
1379580,92
1379581,117
1379582,92
1379583,153
1379584,85
1379585,131
1379586,158
1379587,153
1379589,175
1379590,145
1379592,125
1379695,34
1379760,106
1379761,118
1379762,140
1380583,164
1380584,148
1380586,169
1380587,138
1381217,149
1381218,152
1381219,159
1381220,178
1381221,165
1381451,114
1381452,121
1381453,181
1381454,75
1381455,166
1381456,83
1381457,76
1381458,147
1382160,150
1382161,150
1382162,150
1382163,114
1382164,95
1382165,102
1383068,104
1383069,158
1383070,234
1383071,122
1383072,83
1383073,149
1383074,226
1383075,183
1383076,124
1383077,245
1383078,97
1383079,78
1383080,150
1383081,232
1383082,190
1383083,159
1383086,141
1383087,159
1383088,213
1383089,166
1383090,71
1383091,131
1383093,97
1383094,87
1383095,148
1383096,127
1383097,136
1383098,229
1383099,94
1383100,106
1383101,23
1383102,105
1383103,26
1383104,180
1383105,140
1383106,161
1383107,219
1383108,83
1383109,77
1383110,93
1384545,65
1384546,92
1384547,110
1384548,102
1384549,75
1384550,79
1384582,115
1384583,125
1384584,179
1384585,177
1384586,163
1384587,110
1384588,153
1384589,174
1384590,134
1384591,191
1384592,118
1384593,187
1384594,148
1384595,162
1384596,156
1384597,187
1384598,78
1384599,149
1384600,164
1384634,139
1384637,185
1385688,183
1385690,157
1385697,179
1385698,193
1387243,98
1387244,164
1387245,172
1387598,180
1387599,201
1387944,89
1387945,90
1387946,41
1387947,151
1387948,95
1387949,197
1387951,65
1388196,127
1388197,137
1388198,137
1388202,160
1388203,149
1388204,155
1388205,177
1388206,136
1388213,134
1388214,72
1388215,110
1388216,226
1388217,194
1388218,224
1388219,158
1388220,134
1388223,215
1388224,174
1388225,118
1389391,208
1389392,235
1389393,222
1389394,174
1389395,160
1390167,209
1390169,63
1391332,162
1391333,147
1391335,115
1391336,156
1391337,190
1391338,149
1391339,159
1391650,77
1391651,63
1391652,51
1391655,35
1391658,76
1391707,144
1391708,142
1391709,167
1392352,111
1392354,172
1392355,155
1392802,142
1392803,138
1392805,123
1392808,156
1392809,110
1392811,123
1392812,166
1393309,146
1393310,143
1393311,176
1393312,186
1393313,192
1393314,171
1393315,133
1393316,126
1393317,180
1393318,110
1393319,141
1393320,131
1393328,154
1393329,161
1393330,152
1393331,159
1393332,179
1393590,22
1393591,84
1393592,68
1393593,89
1393594,75
1393595,83
1393597,101
1393876,65
1393877,61
1394751,84
1394752,116
1394753,32
1394754,83
1394755,69
1394757,73
1394758,64
1394759,64
1394760,31
1394761,108
1394762,39
1394763,114
1394764,26
1394765,35
1394766,142
1394767,74
1394768,59
1394769,49
1394770,22
1394774,85
1394775,121
1394776,141
1394777,105
1394778,70
1394792,125
1394794,89
1394795,98
1394796,167
1394797,85
1394798,152
1394799,61
1394800,55
1394801,144
1394802,75
1394805,52
1394806,66
1394807,49
1394809,78
1394810,88
1394811,141
1394917,164
1394918,189
1394919,150
1394920,40
1394921,62
1394922,204
1394923,55
1394924,125
1394925,115
1394926,173
1394927,124
1394928,234
1394929,131
1394930,156
1394931,68
1394932,52
1395007,132
1395008,98
1395009,106
1395010,131
1395011,133
1395012,105
1395013,122
1395014,132
1395015,113
1395016,42
1395017,61
1395018,128
1395026,83
1395028,134
1395029,137
1395030,74
1395031,106
1395032,200
1395033,73
1395035,122
1395036,204
1395037,78
1397437,150
1397438,171
1397439,163
1398254,149
1398255,7
1398256,94
1398261,198
1398262,137
1398263,155
1398268,163
1398269,144
1398270,176
1398277,197
1398278,89
1398279,141
1398280,103
1398281,155
1398295,181
1398296,152
1398298,149
1398299,81
1398300,89
1399055,173
1399057,78
1399059,51
1399060,75
1399061,64
1399062,116
1399104,314
1399113,202
1399114,160
1399116,116
1399117,96
1399119,48
1399138,123
1399140,100
1399142,121
1399143,174
1399144,129
1399145,76
1399146,83
1399148,201
1399149,173
1399150,181
1399151,85
1399152,90
1399153,194
1399154,230
1399155,176
1399156,196
1399157,86
1399161,132
1400036,100
1400037,110
1400038,71
1400039,98
1400040,66
1400041,97
1400053,107
1400054,82
1400055,172
1400056,165
1400972,127
1400973,95
1400974,155
1400975,121
1400976,129
1400977,154
1400978,95
1400980,49
1400981,107
1400982,142
1400983,109
1400984,109
1400985,77
1400986,54
1400987,106
1400988,24
1400989,112
1400990,72
1400991,103
1402765,300
1402766,333
1403288,140
1403289,94
1403290,213
1403291,149
1403292,164
1403293,212
1403294,162
1403297,72
1403301,124
1403305,52
1403686,91
1403687,117
1404390,121
1404391,198
1404392,138
1404393,153
1404394,101
1405121,82
1405122,120
1405123,132
1405313,135
1405314,145
1405315,153
1405316,166
1405317,174
1405318,146
1405319,165
1405320,88
1405321,145
1405322,176
1405323,198
1405324,158
1405325,106
1405326,134
1405327,184
1406073,197
1406074,80
1406075,126
1406081,141
1406082,130
1406083,147
1407089,154
1407090,99
1407091,132
1407092,121
1407093,96
1407094,33
1407095,114
1407096,182
1407097,207
1407098,139
1407099,136
1407100,99
1407101,215
1407102,104
1407103,157
1407104,110
1407105,153
1407106,162
1407107,217
1407108,65
1407109,93
1407714,134
1407715,138
1407716,156
1407717,192
1407718,144
1407719,77
1407864,113
1407865,106
1407866,139
1407867,56
1407868,115
1407869,78
1407870,115
1407871,84
1408103,147
1408104,165
1408105,140
1411261,111
1411262,75
1411263,122
1411264,87
1411265,35
1411266,162
1411267,88
1411268,92
1411269,52
1411270,82
1411271,102
1411272,63
1411273,150
1411274,99
1411276,79
1412530,158
1412531,106
1412532,140
1412533,119
1412534,137
1412535,123
1412542,143
1412543,173
1412544,82
1415701,194
1415702,136
1415703,109
1415704,77
1415706,90
1415707,106
1415708,96
1415709,77
1415710,164
1415711,159
1415712,155
1415713,137
1415715,124
1415716,103
1415717,201
1415718,173
1415719,119
1415720,150
1415721,113
1415722,106
1415724,72
1415725,110
1415726,149
1415727,159
1415728,47
1415731,115
1415732,40
1415734,122
1415735,180
1415736,106
1415737,106
1415738,201
1415739,78
1415741,194
1415742,180
1415744,140
1415745,163
1415746,128
1415747,196
1415749,115
1415750,135
1415751,205
1415754,171
1415755,176
1415983,191
1415984,172
1415985,169
1415986,65
1415987,138
1418176,72
1418177,130
1418181,132
1418182,199
1418183,166
1418184,89
1418185,127
1418186,115
1418187,150
1418188,185
1418190,176
1418191,127
1418192,131
1418193,137
1418194,97
1418195,109
1418196,215
1418197,147
1418539,171
1418540,179
1418541,258
1418542,155
1418543,41
1418544,143
1418545,219
1419510,108
1419511,98
1419824,206
1419825,165
1419826,174
1419906,32
1419907,155
1419908,80
1419909,93
1419910,89
1419911,130
1419912,61
1419913,124
1419914,177
1419915,176
1419916,129
1419917,65
1419918,87
1419919,75
1419920,115
1419921,222
1419922,125
1419923,56
1419924,188
1419925,160
1419926,162
1419927,67
1419928,67
1419929,227
1419930,92
1419931,122
1419932,101
1419933,73
1419934,70
1419935,115
1419936,105
1420223,115
1420224,234
1420225,182
1420226,152
1420227,167
1420801,70
1420802,186
1420803,112
1420804,115
1420805,105
1420806,221
1420807,104
1420808,138
1421078,147
1421079,121
1421080,94
1422037,206
1422038,184
1422039,247
1422040,180
1422041,120
1422042,98
1422043,184
1422802,172
1422803,197
1422804,125
1422807,128
1422808,123
1422809,97
1422810,148
1422811,110
1422812,102
1422813,87
1422814,135
1422815,166
1422816,83
1422817,106
1422818,77
1423372,136
1423373,145
1423374,127
1423439,212
1423440,65
1423441,198
1423442,121
1423444,171
1423459,89
1423460,58
1423463,66
1423464,111
1423465,72
1423467,103
1423470,106
1423471,122
1423472,74
1423473,76
1423474,112
1424752,197
1424753,131
1424754,237
1424755,169
1424756,86
1424757,121
1424759,194
1424761,111
1424762,88
1424763,71
1424764,111
1424765,196
1424766,206
1424767,113
1424829,2
1424830,90
1424831,178
1424832,178
1424833,178
1425064,126
1425065,161
1425066,155
1425110,206
1425111,161
1425121,132
1425122,230
1425124,159
1425125,168
1425126,124
1425127,138
1425128,165
1425129,143
1425130,157
1425131,153
1425132,144
1425133,104
1425638,122
1425639,105
1425640,161
1425641,61
1425642,154
1425643,110
1425644,105
1425645,94
1425646,149
1425647,176
1425648,62
1425649,101
1425650,135
1425651,154
1425652,88
1425653,54
1425654,99
1425655,133
1425656,123
1425657,144
1425658,110
1425659,149
1425660,169
1426048,110
1426049,119
1426050,136
1426084,122
1426085,121
1426086,132
1426087,84
1426088,134
1426450,109
1426451,137
1426452,101
1426453,164
1426454,212
1426455,177
1426456,178
1426457,143
1426458,201
1426459,141
1426460,236
1426461,210
1426462,146
1426463,154
1426464,202
1426465,114
1426466,151
1426467,142
1426468,161
1426469,153
1426470,83
1426471,140
1426472,73
1426473,76
1426474,200
1426475,119
1426476,130
1426477,139
1426478,204
1426479,195
1426480,141
1426552,93
1426553,147
1426554,117
1426617,143
1426618,142
1426619,146
1426626,198
1426627,185
1426628,162
1426756,115
1426757,108
1426758,133
1426759,111
1426760,201
1426761,108
1426762,184
1426763,96
1426764,103
1426765,178
1426766,191
1426767,93
1426768,80
1426769,140
1426770,165
1426830,182
1426831,193
1426832,178
1427420,147
1427421,158
1427422,136
1428151,167
1428152,150
1428154,158
1428155,157
1428156,161
1428743,104
1428744,106
1428745,120
1428746,93
1429008,79
1429009,165
1429010,138
1429011,28
1429012,148
1429013,151
1429014,51
1429393,145
1429394,119
1429395,117
1429396,122
1429397,156
1429622,143
1429623,85
1429624,18
1429625,101
1429626,69
1429627,178
1429628,63
1429630,32
1429631,152
1429632,40
1429634,128
1429635,70
1430812,145
1430813,173
1430820,176
1430821,169
1431086,171
1431087,195
1431120,199
1431121,217
1431122,253
1431123,26
1431124,223
1431125,216
1431126,232
1431607,137
1431608,90
1431609,126
1431610,145
1431611,117
1432194,136
1432195,170
1432196,142
1432197,142
1432198,163
1432199,112
1432200,139
1432211,183
1432212,206
1432225,142
1432226,204
1432227,124
1432422,119
1432423,116
1432424,118
1432425,160
1432426,93
1432427,118
1432428,105
1432429,99
1432430,124
1432431,148
1432432,166
1432433,172
1432434,103
1432435,82
1432436,115
1432437,106
1432438,109
1432439,151
1432440,110
1432441,141
1432442,134
1432443,128
1432444,158
1433362,175
1433363,207
1433364,163
1433367,174
1433368,179
1433369,108
1433373,182
1433374,158
1433375,145
1433376,218
1433377,44
1433383,147
1433384,129
1433385,189
1433772,178
1433775,72
1434155,174
1434157,79
1434160,168
1434161,192
1434291,189
1434292,177
1434293,84
1435618,141
1435620,140
1435621,115
1435623,97
1435624,106
1435625,45
1435626,132
1435627,106
1435628,26
1435630,118
1435632,56
1435633,95
1435634,104
1435635,65
1435637,88
1435638,37
1435639,129
1435640,100
1435643,158
1435644,180
1435645,151
1435646,90
1435647,171
1435648,80
1436471,166
1436472,147
1436473,149
1436474,169
1436475,107
1436476,182
1436477,142
1436478,116
1436479,85
1436480,125
1436481,147
1436482,122
1436483,110
1436484,145
1436485,118
1436486,86
1436487,154
1436488,187
1436489,167
1436490,149
1436491,172
1436492,122
1436493,174
1436494,244
1436889,134
1436890,89
1436891,141
1438073,119
1438074,198
1438075,195
1438076,191
1438077,166
1438078,144
1438079,145
1438080,186
1438090,141
1438091,191
1438092,127
1438093,110
1438094,62
1438095,200
1438097,75
1438099,108
1438101,125
1438102,170
1438103,106
1438104,114
1438105,169
1438257,171
1438259,118
1438262,115
1439813,233
1439814,183
1439815,172
1439816,185
1439817,49
1439818,140
1439819,220
1439820,219
1439821,198
1439822,162
1439823,103
1439824,136
1439825,99
1439826,146
1439829,179
1439830,175
1439831,104
1439832,101
1439833,98
1439836,69
1439893,127
1439894,221
1439895,297
1439899,132
1439900,165
1439901,171
1439902,181
1439903,247
1440129,156
1440130,134
1440131,148
1440443,116
1440444,50
1440446,45
1440447,142
1440448,87
1440449,59
1440450,166
1440451,116
1440463,154
1440464,196
1440465,149
1441133,176
1441135,125
1441136,103
1441140,168
1441145,182
1442735,159
1442736,136
1442737,149
1442738,158
1442739,155
1442987,213
1442988,161
1442989,137
1442996,157
1443543,172
1443544,186
1443545,218
1443549,91
1443550,135
1443551,204
1443552,220
1443553,128
1443571,101
1443572,113
1443573,101
1443574,137
1443575,204
1443576,180
1443766,152
1443767,97
1443768,225
1443769,117
1443770,142
1443771,166
1443772,139
1443773,179
1443775,90
1443776,100
1443777,129
1443778,211
1443779,67
1443780,99
1443781,96
1443782,205
1443783,199
1443784,159
1443785,132
1443786,172
1443787,134
1443788,110
1443789,158
1444531,54
1444532,82
1444534,119
1444535,87
1444536,160
1444537,100
1444549,66
1444550,117
1444551,145
1444652,165
1444653,57
1444654,132
1444669,116
1444947,125
1444948,52
1444949,47
1444950,205
1444951,230
1444952,180
1444953,62
1444954,104
1444955,157
1444956,174
1444957,173
1444958,183
1444959,125
1444960,168
1444961,169
1444962,135
1444963,145
1445485,148
1445489,141
1445491,109
1445493,64
1446761,152
1446762,169
1446763,217
1446764,132
1446765,168
1446766,132
1446771,168
1446772,70
1446773,101
1446774,144
1446775,163
1446776,153
1446777,146
1447477,203
1447478,50
1447479,210
1447480,153
1447481,75
1447482,17
1447483,201
1447484,226
1447485,132
1447486,102
1447487,47
1447488,182
1447489,149
1447490,10
1447491,51
1447492,178
1447493,152
1447494,124
1447495,45
1447496,31
1447497,139
1447543,51
1447550,171
1447551,123
1447553,90
1448346,188
1448347,196
1448348,248
1448357,97
1448358,304
1448360,196
1448362,154
1448391,146
1448392,81
1448393,144
1448397,210
1448398,181
1448399,171
1448400,126
1448401,167
1449011,132
1449012,181
1449013,153
1449019,102
1449020,93
1449021,101
1449022,141
1449023,145
1449024,133
1449025,126
1449026,128
1449027,127
1449301,202
1449302,124
1449303,219
1449304,283
1450198,98
1450199,179
1450200,110
1450202,93
1450204,116
1450462,97
1450463,114
1450464,107
1450465,126
1450466,110
1450467,83
1450468,90
1450751,145
1450752,40
1450753,18
1450754,57
1450755,113
1450757,133
1450758,37
1450759,43
1450760,84
1450761,148
1450762,30
1450763,24
1450764,47
1450765,119
1450766,104
1450767,109
1450768,96
1450769,99
1450770,113
1450771,78
1450772,121
1450773,178
1450774,121
1450775,141
1450776,101
1450777,155
1450778,158
1450779,173
1450817,245
1450818,175
1450819,181
1450820,110
1450821,170
1450822,120
1450823,123
1450824,176
1450825,106
1450826,139
1450827,157
1450828,82
1451291,118
1451292,75
1451293,87
1451294,85
1451303,53
1451304,76
1451305,111
1451306,98
1451307,118
1451308,119
1451311,124
1451317,146
1451318,40
1451814,179
1451815,162
1451816,162
1452624,105
1452625,106
1453518,164
1453519,170
1453520,156
1453903,132
1453909,101
1453911,171
1453912,95
1453913,112
1453914,86
1453915,154
1453916,144
1453917,146
1453918,122
1453919,105
1453922,286
1453923,224
1453924,146
1453925,163
1453926,142
1453927,56
1453929,100
1453930,74
1453931,86
1453932,344
1453933,158
1453934,175
1453935,240
1454384,88
1454385,109
1454388,101
1454819,138
1454820,185
1454821,147
1454935,206
1454936,77
1454937,61
1456013,177
1456121,90
1456122,136
1456123,84
1456124,108
1456125,121
1456126,85
1456127,122
1456128,130
1456129,65
1456130,104
1456441,135
1456442,108
1456854,55
1456858,87
1456859,146
1456860,52
1456861,85
1456862,62
1456863,19
1456864,42
1456865,77
1456867,192
1456868,93
1456869,113
1456870,127
1456871,185
1456872,101
1457217,122
1457218,166
1457219,188
1457220,178
1457221,111
1457222,162
1457223,132
1457224,102
1457225,170
1457226,175
1457227,192
1457228,170
1457229,185
1457230,161
1457231,117
1457232,133
1457233,174
1457234,206
1457235,123
1457236,165
1457350,97
1457351,89
1457354,115
1457355,95
1457356,126
1457357,71
1457358,50
1458414,169
1458415,134
1458416,123
1459278,135
1459374,175
1459375,189
1459376,185
1459377,26
1459378,155
1459379,181
1459380,135
1459381,137
1459382,31
1459383,141
1459384,78
1459385,41
1459386,115
1459387,271
1459388,173
1459718,54
1459719,108
1459720,110
1459891,195
1459892,159
1459893,217
1462850,94
1462851,177
1462852,55
1462853,137
1462854,117
1462855,81
1462856,100
1462857,72
1462858,68
1462860,71
1462877,93
1462878,89
1462880,102
1462881,101
1462882,161
1462883,124
1462884,60
1462885,119
1462886,101
1462887,151
1462888,142
1462889,117
1462890,96
1462891,92
1462892,85
1462893,109
1462894,149
1462895,123
1462896,122
1462897,48
1462898,108
1462899,123
1462900,224
1462901,97
1462902,103
1462903,121
1462904,120
1462905,116
1462906,179
1462907,111
1462908,139
1462909,95
1462910,98
1462911,107
1462912,164
1462913,151
1462914,111
1462915,133
1462916,138
1462917,151
1462918,168
1462919,185
1462920,49
1462921,192
1462922,149
1462923,148
1462924,137
1462925,103
1462926,154
1462927,141
1462928,229
1462930,141
1462931,151
1462932,89
1463008,98
1463009,174
1463010,128
1463011,128
1463652,113
1463653,136
1463654,125
1463655,204
1463656,157
1463657,123
1463658,113
1463659,168
1463660,138
1463661,130
1463662,165
1463663,162
1463664,182
1463665,98
1463666,143
1463667,153
1464722,60
1464723,72
1464725,97
1464726,103
1464727,81
1464728,102
1464730,126
1464731,98
1464732,110
1467704,77
1467705,137
1467706,142
1468402,144
1468403,201
1468404,104
1468724,157
1468725,101
1468726,122
1468727,140
1468728,106
1468729,86
1468730,145
1468731,81
1468732,109
1470186,180
1470187,150
1470188,186
1470189,177
1470190,168
1470191,98
1471822,156
1471823,27
1471824,128
1471825,216
1471826,120
1472516,256
1472520,189
1472521,172
1472522,214
1472523,205
1472524,170
1472525,178
1472526,133
1472527,189
1472537,183
1472538,113
1472539,147
1473145,190
1473146,141
1473147,123
1474260,167
1474261,107
1474262,142
1474263,144
1474422,115
1474423,86
1474424,123
1474426,32
1474427,121
1474429,78
1474981,51
1474982,69
1474983,105
1474984,95
1474985,124
1474986,56
1474987,110
1474988,141
1474990,63
1474991,54
1474992,131
1475525,125
1475526,118
1475527,185
1475528,126
1475529,129
1475530,94
1475531,126
1476152,75
1476153,92
1476154,75
1476155,112
1476156,71
1476157,100
1476158,125
1476159,123
1476160,80
1476161,91
1476162,104
1476163,119
1476165,71
1476795,145
1476797,42
1476798,142
1476987,117
1476988,176
1476989,180
1476992,142
1476993,168
1476994,155
1477591,220
1477592,201
1477662,152
1477663,37
1477664,45
1477665,129
1477666,44
1477667,74
1477668,80
1477669,179
1477670,126
1477671,27
1477672,117
1477673,107
1477674,66
1477675,106
1477676,87
1477677,75
1477679,65
1477680,132
1477681,125
1477682,57
1478228,154
1478229,137
1478230,189
1478411,109
1478412,136
1478413,124
1478865,141
1478866,173
1478867,120
1478868,144
1478869,134
1478870,190
1478871,180
1478898,178
1478899,218
1478900,172
1478907,97
1478908,125
1478909,186
1478910,167
1478911,52
1479320,151
1479321,175
1479322,185
1479323,197
1479324,124
1479325,68
1479326,188
1479327,174
1479576,175
1479577,213
1479578,117
1479580,231
1479929,98
1479930,95
1479931,124
1479932,114
1479933,126
1479934,139
1481295,174
1481296,145
1481297,91
1481298,99
1481299,71
1481300,115
1481301,127
1481303,186
1481304,105
1481305,217
1481306,137
1481307,41
1481308,70
1481309,165
1481310,51
1481311,175
1481312,184
1481313,122
1481314,114
1481315,168
1481709,124
1481710,136
1481711,110
1482088,156
1482089,170
1482090,92
1482091,178
1482092,182
1482093,125
1482094,170
1482095,39
1482096,160
1482097,112
1482098,160
1482100,110
1482101,135
1482819,124
1482820,110
1482821,72
1482822,105
1482825,106
1482826,104
1482827,139
1482828,199
1482829,202
1482830,229
1483063,151
1483064,201
1483065,44
1483066,81
1483067,66
1483068,105
1483069,102
1483070,166
1483071,153
1483072,177
1483073,77
1483731,113
1483732,139
1483733,159
1483734,224
1483735,174
1483736,149
1483754,94
1483755,57
1483756,127
1483757,154
1483758,135
1483759,117
1483760,56
1483762,30
1483763,41
1483765,192
1483766,85
1483767,15
1483770,29
1483772,88
1483773,76
1483775,92
1483777,39
1483778,144
1483779,114
1483785,201
1483786,201
1483787,196
1483788,163
1483789,161
1483808,99
1483809,131
1483810,56
1483811,168
1483941,87
1483942,162
1483943,92
1484051,191
1484052,205
1485343,162
1485344,102
1485345,120
1485346,107
1485347,133
1485348,177
1485406,86
1485407,50
1485409,32
1485410,94
1485411,167
1485412,83
1485413,74
1485414,84
1485415,99
1485508,154
1485509,177
1485510,132
1485778,158
1485938,160
1485939,152
1485940,97
1485941,174
1485942,198
1485943,193
1486088,162
1486089,104
1486090,88
1486091,139
1486092,106
1486093,123
1486094,94
1486095,118
1486096,148
1486097,86
1486098,138
1486099,140
1486100,121
1486101,128
1486102,139
1486224,176
1486225,155
1486227,91
1486228,244
1486582,162
1486784,148
1486785,190
1486786,214
1486787,222
1486788,149
1486790,199
1486791,226
1487631,163
1487632,168
1487633,139
1487652,87
1487653,128
1487654,164
1487655,149
1487658,134
1487660,161
1487661,50
1487693,145
1487695,152
1487696,101
1487697,135
1487698,42
1487699,92
1487700,121
1487702,107
1487703,109
1487704,82
1487706,32
1487707,72
1487708,114
1487709,80
1487710,74
1487712,140
1487713,103
1487714,75
1487715,104
1487717,99
1487720,96
1487721,73
1487722,74
1487723,156
1487725,172
1487726,119
1487728,85
1487729,59
1487731,107
1487813,116
1487814,107
1487815,130
1487824,134
1488319,124
1488320,156
1488321,120
1488322,61
1488323,210
1488324,133
1488325,98
1488326,205
1488327,183
1488328,162
1488329,90
1488330,121
1488331,52
1488332,114
1488333,81
1488334,57
1488335,139
1488336,167
1488338,198
1488339,100
1488340,166
1488341,180
1488342,161
1488343,149
1488344,168
1489041,90
1489042,116
1489043,98
1489044,64
1489045,102
1489046,98
1489047,138
1489581,219
1489582,172
1489584,163
1489585,236
1489968,148
1489969,173
1489970,122
1490225,31
1490226,48
1490227,70
1490239,152
1490471,160
1490472,122
1490475,160
1490476,148
1490477,167
1490478,172
1490479,133
1490480,134
1490854,118
1490855,113
1490856,180
1490857,176
1490858,122
1490859,221
1490860,73
1490861,129
1490870,183
1490871,80
1490872,160
1490873,168
1490874,185
1490875,52
1490876,172
1490877,246
1490878,162
1490879,184
1490880,141
1490881,115
1490882,105
1490884,199
1490885,186
1490886,178
1490887,147
1490888,143
1490889,138
1490890,149
1491604,217
1491605,195
1491606,149
1491607,243
1491608,237
1491609,193
1491610,194
1491714,181
1491715,16
1491716,156
1491717,153
1491718,236
1491719,38
1491723,164
1491724,207
1491725,177
1491726,38
1491727,140
1491903,110
1491904,133
1491905,178
1492823,175
1492824,80
1492825,191
1492879,209
1492880,144
1492881,207
1492883,135
1492884,109
1492887,154
1492888,166
1492889,72
1492890,140
1492891,219
1492892,89
1494090,151
1494091,136
1494092,105
1494093,172
1494094,213
1494095,109
1494096,140
1494097,132
1494098,159
1494099,209
1494100,188
1494101,193
1494102,52
1494103,157
1494108,126
1494110,98
1494111,170
1494113,141
1494114,124
1494115,108
1494116,180
1494118,58
1494124,23
1494125,170
1494126,111
1494127,141
1494128,53
1494129,138
1494130,190
1494131,105
1494132,162
1494133,165
1494134,89
1494135,20
1494136,177
1494137,99
1494138,100
1494139,100
1494140,143
1494141,88
1494142,87
1494143,135
1494577,117
1494578,95
1494579,152
1494580,104
1494581,54
1494583,147
1494584,113
1494766,189
1494767,169
1494768,177
1494769,123
1494771,85
1494772,141
1494773,162
1494774,157
1494775,235
1495453,102
1495454,112
1495455,113
1495456,139
1495457,125
1495458,134
1495459,211
1495460,111
1495461,176
1495462,163
1495463,113
1495464,157
1495465,189
1495654,128
1495655,93
1495656,148
1495657,178
1495658,168
1495659,245
1495660,182
1495661,182
1496821,136
1496822,138
1496823,179
1496824,162
1496825,152
1496826,105
1496827,136
1496828,213
1496829,132
1496830,135
1496831,193
1496921,57
1496922,143
1496923,160
1496924,139
1496925,127
1496926,172
1496927,149
1496929,146
1496931,188
1496932,168
1496933,171
1496934,133
1496935,168
1496936,135
1496937,202
1496938,146
1497874,207
1497877,171
1498191,204
1498192,172
1498203,151
1498204,148
1498205,171
1498206,157
1498207,62
1498208,137
1498209,113
1498210,166
1498211,255
1498212,223
1498213,86
1498214,108
1498215,110
1498216,175
1498217,175
1498662,136
1498663,103
1498664,164
1498689,165
1498690,154
1498691,83
1498696,215
1498697,211
1498698,154
1498699,144
1498707,182
1498708,103
1498709,133
1498710,121
1498711,93
1498712,125
1498713,70
1498714,114
1498715,123
1498716,228
1498717,107
1498718,90
1498719,119
1498720,105
1498721,75
1498722,162
1498723,109
1498724,159
1498725,122
1498726,115
1499011,149
1499012,176
1499013,195
1499014,157
1499021,102
1499022,175
1499023,66
1499024,94
1499025,95
1499026,161
1499027,80
1499028,164
1499029,131
1499030,161
1499779,120
1499780,155
1499781,107
1499782,153
1499783,57
1499784,114
1499785,139
1499786,131
1499787,42
1499788,133
1499789,143
1499790,224
1499791,118
1499792,170
1499794,149
1499795,120
1499796,174
1499797,68
1499798,134
1499799,156
1499800,74
1499801,115
1499802,125
1499803,113
1500635,37
1500636,145
1500638,115
1500864,157
1500866,145
1500867,63
1500868,81
1501502,160
1501503,165
1501504,182
1501505,222
1501506,27
1501895,194
1501896,110
1501897,139
1502048,147
1502049,162
1502050,128
1502051,195
1502052,146
1502053,184
1502054,114
1502164,211
1502165,169
1502166,204
1502743,241
1502744,88
1502745,152
1502746,122
1502747,235
1502748,128
1502749,259
1502750,130
1502751,221
1502752,81
1502753,71
1502754,147
1502755,174
1502756,166
1502757,122
1502758,192
1502759,142
1502760,151
1502761,196
1502762,167
1503450,92
1503451,118
1503452,141
1503453,123
1503454,177
1503455,117
1503456,161
1503457,131
1503458,138
1503459,172
1503460,140
1503461,162
1503462,112
1503463,147
1503464,139
1503465,225
1503466,151
1503467,116
1503468,126
1503469,103
1503470,211
1503565,183
1503566,130
1504941,142
1505114,104
1505115,91
1505116,120
1505117,111
1505118,103
1505125,165
1505126,149
1505127,151
1506014,181
1506015,170
1506016,117
1506181,108
1506182,143
1506183,144
1506184,71
1506185,198
1506186,123
1506187,84
1506188,124
1506189,91
1506190,160
1506436,173
1506437,171
1506438,157
1506439,207
1506440,198
1506441,162
1506442,93
1506443,211
1506444,123
1506445,179
1506446,119
1506447,125
1506664,67
1506665,82
1506666,100
1506667,113
1506668,101
1506669,75
1506670,96
1506671,108
1507418,40
1508269,52
1508270,61
1508271,32
1508272,59
1508273,86
1508274,47
1508275,102
1508276,18
1508277,148
1508278,70
1508279,78
1508280,180
1509859,154
1510178,174
1510179,231
1510180,97
1510279,146
1510280,124
1510281,74
1510282,136
1510283,81
1510284,109
1510285,117
1510286,94
1510287,118
1510288,115
1510289,93
1510290,92
1510291,83
1510292,153
1510293,62
1510294,117
1510295,93
1510296,115
1510297,110
1510298,75
1510299,74
1510300,126
1510301,46
1510302,55
1510303,164
1510304,118
1510305,80
1510306,54
1510307,94
1510308,148
1510309,111
1510310,153
1510311,63
1510312,100
1510313,84
1510314,92
1510315,114
1510724,109
1510725,131
1511993,109
1511994,108
1511996,143
1511997,150
1511998,23
1511999,107
1512000,76
1512002,69
1513086,138
1513087,47
1513088,114
1513089,119
1513090,177
1513091,95
1513092,83
1513093,126
1513094,158
1513095,128
1513096,129
1513097,140
1513099,152
1513100,160
1513101,175
1513102,102
1513297,177
1513298,171
1513299,152
1513300,179
1513301,156
1513302,116
1513303,145
1513304,157
1513735,121
1513736,128
1513737,112
1513738,221
1513739,175
1513755,75
1513756,128
1513757,196
1513758,259
1513759,62
1513760,123
1513761,144
1513762,154
1513763,61
1513764,58
1513824,80
1513825,201
1513826,75
1513827,145
1513828,156
1513829,182
1513830,151
1513831,62
1513832,153
1513833,110
1514473,76
1514474,224
1514475,55
1514476,290
1514477,90
1514480,128
1514510,65
1514511,129
1514513,127
1514514,160
1514515,63
1514516,196
1514517,183
1514518,203
1514519,108
1514520,96
1514521,64
1514522,26
1514523,138
1514524,251
1514525,85
1514526,20
1514527,198
1514528,97
1514529,84
1515010,69
1515011,216
1515012,127
1515013,223
1515014,139
1515542,167
1515543,141
1515544,112
1515545,152
1515546,157
1515547,72
1515548,150
1515549,80
1517208,102
